Address,PhoneNumber,Manager,StorageCapacity,DroneCapacity
75 Carberry Road,365-391-3984,Hulda Connock,123,15
312 Bay Hill,746-883-2022,Claudio Hiscoe,356,78
48 Golf Course Alley,708-847-2443,Allis Romero,657,67
33144 Sullivan Hill,321-735-6155,Sondra Hillum,674,48
19 Mallory Terrace,889-773-8645,Johanna Oakly,543,77
70 Pennsylvania Circle,615-393-1793,Neel Ottey,708,94
4209 Heffernan Hill,688-329-5296,Britney Scotson,613,99
872 Loeprich Pass,671-521-0113,Raine Syres,578,54
49 Parkside Terrace,202-669-6560,Ransom Urlin,763,95
777 Corben Junction,812-656-4136,Jill Grunwald,626,73
03 Schmedeman Plaza,930-150-5212,Romeo Crole,148,93
0 Mallard Plaza,983-304-7456,Tessi Coltart,772,69
89305 West Center,843-667-1965,Piotr Speare,556,91
0072 Golf Course Parkway,792-601-7314,Tera Harteley,764,42
324 Magdeline Avenue,444-641-8221,Mellisent Foote,167,39
60 Eagle Crest Trail,734-559-7875,Timmi de Guerre,569,34
199 Northwestern Alley,660-588-7303,Chelsea Mitchelson,362,85
799 Farmco Avenue,955-485-2046,Daniella Lantaph,312,37
74145 Lakewood Point,345-220-3468,Alyda Anthon,723,76
5 Northridge Street,990-427-8794,Benoit Outridge,512,76
